LinkID,PositionX (m),PositionY (m),PositionZ (m)
A219BS010380,-8.305889861827191,1060.164551249329,-0.5622838759144317
A219BS010380,-8.064300359082024,1060.602274327354,-0.5565376486731077
A219BS010380,-7.822519578406253,1061.0398899899672,-0.5506566681890169
A219BS010380,-7.58064350667776,1061.477452083498,-0.5447085399073572
A219BS010380,-7.338496603435081,1061.9148607675115,-0.5385020594548472
A219BS010380,-7.096214802318374,1062.3521928997263,-0.5321668420141766
A219BS010380,-6.853865795488296,1062.7894868591914,-0.5257674745510307
A219BS010380,-6.61148330330781,1063.226761790363,-0.5193361408515899
A219BS010380,-6.3690841260880555,1063.664027237989,-0.5128888782136702
A219BS010380,-6.12667663484089,1064.1012879595028,-0.5064336780985939
A219BS010380,-5.879027355107122,1064.5356247063714,-0.5018050101498966
A219BS010380,-5.628780364340736,1064.9684787453753,-0.4980868747915953
A219BS010380,-5.37745770082974,1065.4007168074147,-0.4954079701618891
A219BS010380,-5.125600054313184,1065.8326462641485,-0.4932468832058971
A219BS010380,-4.873952596503979,1066.2647022266185,-0.4921504014226816
A219BS010380,-4.622410314730408,1066.69682045128,-0.49158436653871185
A219BS010380,-4.370751074492057,1067.1288704056192,-0.4909033686690881
A219BS010380,-4.119033571301737,1067.5608863237665,-0.49016509027457844
A219BS010380,-3.8740411914013935,1067.9967490569807,-0.4886121621166672
A219BS010380,-3.6324223251891516,1068.434489261658,-0.4866534126691768
A219BS010380,-3.388562746869418,1068.8709859594621,-0.4848817276286858
A219BS010380,-3.1435892832591,1069.3068588593408,-0.48320325268184383
A219BS010380,-2.899745567232787,1069.7433667096118,-0.4821361040572735
A219BS010380,-2.65646540592794,1070.1801895358883,-0.48137350369652354
A219BS010380,-2.4134661740056393,1070.6171689405587,-0.4807626197996067
A219BS010380,-2.1673310034875923,1071.0523892250496,-0.4798784243195857
A219BS010380,-1.9195170651366467,1071.4866554993137,-0.47885129439770496
A219BS010380,-1.6736580775032648,1071.92203225091,-0.4781861858743159
A219BS010380,-1.4287748623032566,1072.3579588226173,-0.477701425418076
A219BS010380,-1.1855000315628734,1072.7947846721804,-0.476970753314089
A219BS010380,-0.9430276673727926,1073.2320562407824,-0.4761175848723496
A219BS010380,-0.7035863656803114,1073.6709953694751,-0.47556590899722023
A219BS010380,-0.46090377958423956,1074.108151042207,-0.4752827057516716
A219BS010380,-0.21797878724071237,1074.5451721474183,-0.4753238748518198
A219BS010380,0.02506688473267832,1074.982126104066,-0.47552661794703055
A219BS010380,0.2702108298986059,1075.4179061366096,-0.47598420381024426
A219BS010380,0.512704523983711,1075.8551665445902,-0.47636360022543467
A219BS010380,0.7554703991353616,1076.2922759977141,-0.476599929879462
A219BS010380,0.9983718044700052,1076.7293101840644,-0.476764998303341
A219BS010380,1.242502793916042,1077.1656587267737,-0.4768612667603977
A219BS010380,1.4872455148828272,1077.601664456885,-0.47692326569539606
A219BS010380,1.7329976078158862,1078.0371016503475,-0.47632379217707044
A219BS010380,1.9792518130916226,1078.4722545010072,-0.47539484288306333
A219BS010380,2.2257559549798955,1078.907265435646,-0.47430178447205773
A219BS010380,2.471370454207927,1079.3427802652272,-0.4737093456131386
A219BS010380,2.7165413527478566,1079.778545239501,-0.47336626347791044
A219BS010380,2.9605839192196903,1080.2149425647708,-0.4725915072654265
A219BS010380,3.2041129778083195,1080.6516269971128,-0.47203998838505795
A219BS010380,3.447386119664173,1081.0884541764003,-0.47159966197743636
A219BS010380,3.6845182932963167,1081.5286443180391,-0.4706140492051166
A219BS010380,3.9227169568021854,1081.968258446057,-0.4697111920347228
A219BS010380,4.1625238782506715,1082.406997858916,-0.46910453762875676
A219BS010380,4.403130549060284,1082.8452993751825,-0.4686454077675548
A219BS010380,4.643353102852542,1083.2838116826488,-0.46836106615420525
A219BS010380,4.883924396110113,1083.7221328300834,-0.46820431198760676
A219BS010380,5.124669310694228,1084.160358659324,-0.4681111006874529
A219BS010380,5.3655498976845974,1084.5985098979181,-0.4679242062153226
A219BS010380,5.606498042258052,1085.0366239664895,-0.4676906544287924
A219BS010380,5.847479829821652,1085.4747195178504,-0.4674338657596218
A219BS010380,6.088660437189953,1085.9127056866826,-0.4672591051783005
A219BS010380,6.329921366249003,1086.3506476369855,-0.4671483152029745
A219BS010380,6.571203045523311,1086.7885780989761,-0.46689990563478284
A219BS010380,6.8124950520685115,1087.2265028266645,-0.46658295697481494
A219BS010380,7.053335826889654,1087.6646759356888,-0.4663645274035799
A219BS010380,7.29395177445962,1088.1029725670824,-0.4661951637081785
A219BS010380,7.536676859709813,1088.5401047256998,-0.46610086241448206
A219BS010380,7.7796004255177476,1088.97712645216,-0.46571127688801855
A219BS010380,8.022570650288973,1089.4141223130214,-0.4654155325467298
A219BS010380,8.26544642281644,1089.8511707337927,-0.4652231254735886
A219BS010380,8.506881297046183,1090.2890166144982,-0.46479155278801687
A219BS010380,8.747117328731802,1090.7275216190105,-0.46489203954324987
A219BS010380,8.98877812352191,1091.1652429658996,-0.46460439570220124
A219BS010380,9.23100138591192,1091.6026528965974,-0.4639382995866019
A219BS010380,9.473769071015768,1092.0397612137876,-0.46352585265622953
A219BS010380,9.71662586694317,1092.4768201533066,-0.463280784151471
A219BS010380,9.95994454134745,1092.9136219923332,-0.4628611307403541
A219BS010380,10.203179246366927,1093.3504706859267,-0.46254939413514645
A219BS010380,10.446372125569324,1093.787342700303,-0.46229140201253266
A219BS010380,10.689185103090995,1094.2244260320674,-0.4621534134604185
A219BS010380,10.931376886305063,1094.6618538944392,-0.4620801707206278
A219BS010380,11.173514396600474,1095.0993118063495,-0.46204255408837097
A219BS010380,11.415624876217047,1095.536784680097,-0.4620226798594694
A219BS010380,11.65772189364092,1095.9742650042633,-0.46201164164686687
A219BS010380,11.900687515080397,1096.4112635245906,-0.4620061380315806
A219BS010380,12.144663228767334,1096.847698916285,-0.46200339453714767
A219BS010380,12.387966427113803,1097.28450957741,-0.4620020277874195
A219BS010380,12.630808299873868,1097.7215768775297,-0.4620013470602157
A219BS010380,12.87342032491299,1098.1587718058013,-0.4620010079823285
A219BS010380,13.115917857600785,1098.5960302495623,-0.4620008390505416
A219BS010380,13.35797722709145,1099.0335313121188,-0.462287027386889
A219BS010380,13.600501090377236,1099.4707750882758,-0.4625235628590558
A219BS010380,13.843256174980958,1099.9078905467493,-0.46273537042814705
A219BS010380,14.085831671385789,1100.3451057290001,-0.4628491833970313
A219BS010380,14.328317711788168,1100.7823705411947,-0.46291419377416043
A219BS010380,14.570759197300829,1101.2196600613588,-0.4629548998307112
A219BS010380,14.812567795264806,1101.6572998230274,-0.4631572791059111
A219BS010380,15.054061008465283,1102.0951136509825,-0.46344017366505214
A219BS010380,15.295758737966182,1102.5328146629306,-0.4636182008333378
A219BS010380,15.537558295449852,1102.9704594483155,-0.46374400273921335
A219BS010380,15.779408558637769,1103.4080762215742,-0.46384379582831836
A219BS010380,16.021485042588274,1103.8455678436894,-0.46408148700146257
A219BS010380,16.263674156225495,1104.2829970829675,-0.4643878530705641
A219BS010380,16.506641768474672,1104.7199944381566,-0.4646135867028957
A219BS010380,16.74999679343558,1105.1567761884476,-0.4647991640675995
A219BS010380,16.99286981378995,1105.5938261706115,-0.4648944240817804
A219BS010380,17.235502677151995,1106.031009531558,-0.46494470498441814
A219BS010380,17.478015911694087,1106.4682592660286,-0.4649725857994765
A219BS010380,17.720824060456433,1106.9053453018362,-0.46498660552616394
A219BS010380,17.96377903837318,1107.3423497396338,-0.4649937222799504
A219BS010380,18.205771323933362,1107.779887969762,-0.4651695221245446
A219BS010380,18.447283729403804,1108.2176912252376,-0.4654293278407167
A219BS010380,18.689059027253116,1108.6553493300019,-0.46572712635710267
A219BS010380,18.930965214821363,1109.092935088574,-0.46604384558934214
A219BS010380,19.17293657842312,1109.5304848032672,-0.4663699874943518
A219BS010380,19.416468157983232,1109.9671681142024,-0.4666060118846341
A219BS010380,19.660775584681613,1110.4034178646025,-0.4667971554828629
A219BS010380,19.899460630955343,1110.8427687134315,-0.46732660657166336
A219BS010380,20.13973320380444,1111.2812534819236,-0.46777218146138444
A219BS010380,20.38079513875186,1111.7193048264724,-0.4681759865378105
A219BS010380,20.62224985325399,1112.1571398115432,-0.46855899137167706
A219BS010380,20.86687951034019,1112.5932089405017,-0.46877263440325273
A219BS010380,21.112605009600813,1113.028661540233,-0.4688839904493704
A219BS010380,21.357020673474107,1113.4648506567348,-0.46907866661363484
A219BS010380,21.600783282361874,1113.9014050459402,-0.46931483115463846
A219BS010380,21.844220502844905,1114.3381409543854,-0.4695716543455828
A219BS010380,22.083637776815305,1114.7770934996051,-0.46975045493903494
A219BS010380,22.325995898212515,1115.2144291400482,-0.4700307958274088
A219BS010380,22.56981429341148,1115.6509523131674,-0.4703616924208566
A219BS010380,22.813203985610656,1116.0877146557366,-0.47069910104366536
A219BS010380,23.056380136110292,1116.5245959254028,-0.47103975192969844
A219BS010380,23.299449941142676,1116.9615363706994,-0.47138201712918765
A219BS010380,23.540422925010358,1117.399636783559,-0.4716040490034422
A219BS010380,23.78034980427732,1117.8383109978774,-0.47176621318607953
A219BS010380,24.021434551719004,1118.2763499621003,-0.4718680633126776
A219BS010380,24.263138854379868,1118.7140473399002,-0.47205659034799236
A219BS010380,24.50515144921238,1119.1515743108007,-0.47228827350412284
A219BS010380,24.747317496350025,1119.5890163544116,-0.4725414439229024
A219BS010380,24.989055271430768,1120.0266950250068,-0.47302040624473274
A219BS010380,25.232155670032714,1120.4636184551957,-0.4733555950768645
A219BS010380,25.475933630589477,1120.9001642562982,-0.4736191979384111
A219BS010380,25.719171146315237,1121.3370114022023,-0.47390565732054646
A219BS010380,25.962139438750306,1121.7740083360163,-0.4742034966610649
A219BS010380,26.204973652303575,1122.2110797862535,-0.47450700196284656
A219BS010380,26.446761721310995,1122.6487308961396,-0.47469594977182256
A219BS010380,26.68802839987318,1123.0866696731568,-0.47482785960456114
A219BS010380,26.927645186335308,1123.5255132354152,-0.47517929941692294
A219BS010380,27.16815585105834,1123.963867617174,-0.47541625400697163
A219BS010380,27.409111190622554,1124.4019777539572,-0.47559620730895125
A219BS010380,27.650287834262464,1124.8399661140631,-0.47574778035003773
A219BS010380,27.894118135853233,1125.2764826712755,-0.47602939292052787
A219BS010380,28.139266332152765,1125.7122604149583,-0.476375747980073
A219BS010380,28.381494475599517,1126.1496680646192,-0.4766487691371645
A219BS010380,28.624683596659086,1126.5865422124696,-0.47682294804445
A219BS010380,28.86733806600622,1127.023713512072,-0.4770745627026526
A219BS010380,29.109726214553525,1127.4610325046242,-0.47736472960117055
A219BS010380,29.35198173800141,1127.898424966442,-0.4776740901586417
A219BS010380,29.594711007784834,1128.3355547818162,-0.4778356493950447
A219BS010380,29.83751028067759,1128.772645617189,-0.47817434671061193
A219BS010380,30.080143068072136,1129.2098288767174,-0.47853221426661974
A219BS010380,30.322692955480473,1129.647058126799,-0.4788996259291003
A219BS010380,30.565201566893098,1130.0843102678862,-0.4792717892297764
A219BS010380,30.809197081693323,1130.5207344896132,-0.47956750413508464
A219BS010380,31.05088577642802,1130.9584404908833,-0.47974439280582903
A219BS010380,31.29142346559159,1131.3967800923708,-0.4798621199525122
A219BS010380,31.532576192485987,1131.834781594314,-0.48007800600546335
A219BS010380,31.774034935617674,1132.2726144451492,-0.48034276036080853
A219BS010380,32.01564598397577,1132.7103632518204,-0.4806318437303654
A219BS010380,32.26082658262255,1133.1461228685635,-0.4808063803757109
A219BS010380,32.50651159584552,1133.5815983156415,-0.48090266031384415
A219BS010380,32.748743314489374,1134.019003802094,-0.4813873294171964
A219BS010380,32.989723069802864,1134.4571004655638,-0.48165376068945853
A219BS010380,33.230078821748364,1134.8955398429125,-0.481811548163731
A219BS010380,33.471706032967354,1135.3332798150354,-0.48189875085794975
A219BS010380,33.71329399511502,1135.7710413274456,-0.48155993269570313
A219BS010380,33.95209713343023,1136.21032825012,-0.4813135631167838
A219BS010380,34.194684624165866,1136.6475366709326,-0.48098781906034643
A219BS010380,34.43914931233734,1137.083698203888,-0.48062256949651133
A219BS010380,34.68465600764897,1137.5192738876046,-0.48008748826461056
A219BS010380,34.93205826082086,1137.9537754253806,-0.4793534611142293
A219BS010380,35.18006534765108,1138.3879325303997,-0.4790484307289857
A219BS010380,35.42837325716821,1138.8219177533063,-0.4789569436791522
A219BS010380,35.67683084639958,1139.2558173109621,-0.47897175249652335
A219BS010380,35.92309699845868,1139.6909642583087,-0.47863033625662244
A219BS010380,36.165453752373935,1140.128300236539,-0.4779625211736367
A219BS010380,36.41819898955178,1140.5597161350336,-0.4775531191508074
A219BS010380,36.67174777947457,1140.9906602174608,-0.4770960090436223
A219BS010380,36.92569609103,1141.421368963416,-0.4766151598219479
A219BS010380,37.17440489365791,1141.8551241651976,-0.4760181482521861
A219BS010380,37.41979982755938,1142.2907624976456,-0.4752633520119053
A219BS010380,37.66431326492514,1142.726778245421,-0.48543422411692144
A219BS010380,37.908551438254314,1143.1628636860485,-0.49874599190401936
A219BS010813,38.004958513367455,1143.3349978011101,-0.5040004882812497
A219BS010813,38.288087762841926,1143.7471100034925,-0.5051669956976783
A219BS010813,38.57121701231638,1144.1592222058748,-0.5063335031141069
A219BS010813,38.85434626179083,1144.5713344082571,-0.5075000105305354
A219BS010813,39.13747551126527,1144.9834466106395,-0.5086665179469638
A219BS010813,39.42060476073971,1145.3955588130218,-0.5098330253633923
A219BS010813,39.70375034595515,1145.8076593939531,-0.5111325518470825
A219BS010813,39.9869040913558,1146.2197541529727,-0.5124985878321383
A219BS010813,40.31892509268373,1146.593601721407,-0.5127227595786129
A219BS010813,40.673675465886085,1146.9459538856815,-0.5123691442290982
A219BS010813,41.03921233208675,1147.2871025179288,-0.5117287037529002
A219BS010813,41.409962186179406,1147.6225782006152,-0.5109463889812441
A219BS010813,41.808839302496075,1147.924067699548,-0.509884262734178
A219BS010813,42.220546163429155,1148.2077859136984,-0.5086860891484025
A219BS010813,42.63829278873344,1148.4825333580566,-0.5074216266035879
A219BS010813,43.058942625001066,1148.7528147545765,-0.5061247290645441
A219BS010813,43.481004337100075,1149.0208859908216,-0.5048119160072962
A219BS010813,43.903756855042936,1149.2878664479642,-0.5034912809519451
A219BS010813,44.356184084088625,1149.500725047757,-0.5025863432413922
A219BS010813,44.8207935357825,1149.6854886176534,-0.5018930641669116
A219BS010813,45.29073196968014,1149.856244354814,-0.5013043600134035
A219BS010813,45.76311690620757,1150.0201107114606,-0.5007668645502987
A219BS010813,46.258515307187295,1150.0877888916514,-0.5004698244761547
A219BS010813,46.75816483058198,1150.1065058336749,-0.5002970449860213
A219BS010813,47.25814120717361,1150.101646801813,-0.5001845297519947
A219BS010813,47.75788274150095,1150.0855722301458,-0.500100780923131
A219BS010813,48.25646290654306,1150.0481121590515,-0.5039168129189573
A219BS010813,48.75416008253546,1150.000515810799,-0.5095832617369879
A219BS010813,49.2513640124243,1149.9481188854356,-0.5161265266388055
A219BS010813,49.74831736579117,1149.8934476841162,-0.5230852854151514
A219BS010813,50.24518820571386,1149.8380484503118,-0.5301770643462438
A219BS010398,50.44295853149379,1149.8159978012554,-0.5329998168945309
A219BS010398,50.88394849232565,1149.5803543111151,-0.5329998168945309
A219BS010398,51.32493845315752,1149.3447108209748,-0.5329998168945309
A219BS010398,51.76592151520665,1149.10905442071,-0.5329998168945309
A219BS010398,52.20690457725577,1148.8733980204452,-0.5329998168945309
A219BS010398,52.64788763930489,1148.6377416201803,-0.5329998168945309
A219BS010398,53.08887070135401,1148.4020852199155,-0.5329998168945309
A219BS010398,53.529880535147875,1148.1664789243775,-0.5329998168945309
A219BS010398,53.97090375267939,1147.9308976823438,-0.5329998168945309
A219BS010398,54.41193366154597,1147.6953289673472,-0.5329998168945309
A219BS010398,54.852966915946624,1147.4597665159404,-0.5329998168945309
A219BS010398,55.29254779501867,1147.2215056308207,-0.533633359493422
A219BS010398,55.73139601168818,1146.9818989956195,-0.5345836718379632
A219BS010398,56.16987629055264,1146.7416203743278,-0.5356923634315898
A219BS010398,56.60817220220785,1146.5010059882839,-0.5368802418137775
A219BS010398,57.04637583200824,1146.2602237793358,-0.5381077123146797
A219BS010398,57.48453329693762,1146.0193576749245,-0.5393549782913205
A219BS010398,57.92218948150034,1145.777580565793,-0.5403002898650004
A219BS010398,58.359594262060455,1145.5353483900335,-0.5410946260752189
A219BS010398,58.79687315181784,1145.2928887937564,-0.5418134763476014
A219BS010398,59.234109740907904,1145.0503524958644,-0.5423696828611374
A219BS010398,59.671325157899425,1144.8077778606955,-0.5428445698338652
A219BS010398,60.10852998355672,1144.5651840605528,-0.5432787982189973
A219BS010398,60.54567665031405,1144.3224854000034,-0.5436685552193411
A219BS010398,60.98279422774729,1144.079734316738,-0.5440360771679362
A219BS010398,61.41989725826393,1143.8369570243715,-0.5443924819142019
A219BS010398,61.85705196711258,1143.5942730097784,-0.5448716399335364
A219BS010398,62.29423249703448,1143.3516356423318,-0.5454121727745641
A219BS010398,62.73142593277972,1143.109021600179,-0.5459833921200428
A219BS010398,63.16858083203279,1142.8663379266843,-0.5464615952408296
A219BS010398,63.605716453779294,1142.623619443996,-0.5468932916038769
A219BS010398,64.04284243459973,1142.3808835585864,-0.5473017352696368
A219BS010398,64.48025059412379,1142.1386568500116,-0.5478706243310277
A219BS010398,64.91779959974726,1141.8966848550715,-0.5485197334909306
A219BS010398,65.35541896648952,1141.6548402462195,-0.5492089514106261
A219BS010398,65.79307349776842,1141.4130593367481,-0.5499182230792397
A219BS010398,66.23102469982557,1141.1718159589952,-0.550532476303193
A219BS010398,66.66912397935293,1140.9308414788575,-0.5510992213477606
A219BS010398,67.10729723191956,1140.6900014782443,-0.5516422129554055
A219BS010398,67.54550745399479,1140.449228724002,-0.5521733281967715
A219BS010398,67.9837361562805,1140.208489594067,-0.5526985054366574
A219BS010398,68.4219740973903,1139.9677672763016,-0.5532207137679144
A219BS010398,68.85934796497071,1139.7254782529722,-0.5535800628663347
A219BS010398,69.29628768837215,1139.4824070681836,-0.5538579825110321
A219BS010398,69.73300981865341,1139.2389451108763,-0.5540951885529437
A219BS010398,70.16962302448897,1138.9952878485874,-0.5543120385155389
A219BS010398,70.60618173724686,1138.7515329561202,-0.5545187108269374
A219BS010398,71.04271319630138,1138.5077292551234,-0.5547202945122476
A219BS010398,71.47883230390376,1138.263188644316,-0.5548371279791742
A219BS010398,71.91474477251377,1138.0182798568744,-0.554911587830945
A219BS010398,72.35059716914223,1137.7732641747434,-0.5549737413106253
A219BS010663,72.52895856491523,1137.6729978015646,-0.5549991760253903
A219BS010663,72.98290008500085,1137.4633860262695,-0.5549991760253903
A219BS010663,73.43684160508647,1137.2537742509744,-0.5549991760253903
A219BS010663,73.8907831251721,1137.0441624756793,-0.5549991760253903
A219BS010663,74.34472464525774,1136.8345507003842,-0.5549991760253903
A219BS010663,74.79866616534338,1136.624938925089,-0.5549991760253903
A219BS010663,75.25260768542903,1136.415327149794,-0.5549991760253903
A219BS010663,75.73935927936553,1136.3009910260987,-0.5546295564463571
A219BS010663,76.22611087330202,1136.1866549024035,-0.5542599368673239
A219BS010663,76.71286246723851,1136.0723187787082,-0.5538903172882905
A219BS010663,77.199614061175,1135.957982655013,-0.5535206977092573
A219BS010663,77.6927897823588,1135.875656055779,-0.553718418250584
A219BS010663,78.18839481157599,1135.809509076609,-0.5542002494544379
A219BS010663,78.6850140540986,1135.751466512713,-0.5548237337494472
A219BS010663,79.1820895898747,1135.6974717907658,-0.5555178048802064
A219BS010663,79.67938031153827,1135.6454967357674,-0.5562470546736612
A219BS010663,80.17923860055873,1135.6335953393195,-0.5560287427052959
A219BS010663,80.67917108089307,1135.6417828959857,-0.5553366281267749
A219BS010663,81.17883974265878,1135.659958934818,-0.5544092330540608
A219BS010663,81.67830316168315,1135.6830933869549,-0.5533651158110697
A219BS010663,82.17434207547429,1135.7459033354467,-0.5528116039740819
A219BS010663,82.66749968921641,1135.8283379964384,-0.5525039103762794
A219BS010663,83.15894266133486,1135.920445382958,-0.5523181580670021
A219BS010663,83.64946747635587,1136.017323606102,-0.5521927425200537
A219BS010663,84.13952124207594,1136.1165571567183,-0.5520971619108253
A219BS010663,84.61716550691395,1136.2643926215087,-0.5528919056341668
A219BS010663,85.08684783004577,1136.4358481291385,-0.5541265071546478
A219BS010663,85.5521791128239,1136.618781708253,-0.5555766452407003
A219BS010663,86.01526945627744,1136.8073152954228,-0.5571323794604934
A219BS010663,86.47723453285964,1136.998589140793,-0.5587398917249213
A219BS010663,86.9386411005779,1137.1912061515854,-0.5603728093186919
A219BS010663,87.3997201160678,1137.3846065003122,-0.561936966351549
A219BS010663,87.84255806577985,1137.616745324353,-0.5644101561489505
A219BS010663,88.27520367539556,1137.8673631213046,-0.5673250028551856
A219BS010663,88.70257637564772,1138.126868001536,-0.5704542544061723
A219BS010663,89.12730459959955,1138.3906775534288,-0.5736878451095516
A219BS010663,89.55132481070001,1138.6556232559049,-0.5769490286026412
A219BS010395,89.68795858934755,1138.7409978006035,-0.5779998931884762
A219BS010395,90.09266551729591,1139.034608709092,-0.5802218038873247
A219BS010395,90.49737244524428,1139.3282196175805,-0.5824437145861733
A219BS010395,90.90207937319265,1139.621830526069,-0.5846656252850218
A219BS010395,91.27684834681186,1139.9528053625656,-0.586633877935496
A219BS010395,91.65161732043107,1140.2837801990622,-0.5886021305859703
A219BS010395,92.00317049431656,1140.6393154457871,-0.5908503003483283
A219BS010395,92.35472366820206,1140.994850692512,-0.5930984701106862
A219BS010395,92.68597382825824,1141.369376770009,-0.5949822794265415
A219BS010395,93.00666783075414,1141.7529813448862,-0.5966813663868098
A219BS010395,93.32199625107454,1142.1410089302967,-0.5982876972111223
A219BS010395,93.61929635036991,1142.54301886082,-0.599104226199586
A219BS010395,93.9073567833718,1142.951700900382,-0.5995255076855028
A219BS010395,94.19075411233307,1143.3636303891396,-0.5997496273458711
A219BS010395,94.45759156103605,1143.7864732542512,-0.6010486246105833
A219BS010395,94.71601174968886,1144.2145102166608,-0.6028829931084515
A219BS010395,94.97020206831303,1144.6450713259705,-0.6049837233661498
A219BS010395,95.21867966267541,1145.0789586860474,-0.6057861355843529
A219BS010395,95.46429640575711,1145.5144726251833,-0.6059421364712704
A219BS010395,95.70848502769684,1145.9507888974447,-0.6057763805326545
A219BS010395,95.9519618120538,1146.387502704492,-0.6054504762991976
A219BS010395,96.19551039278657,1146.824173877518,-0.603909219936104
A219BS010395,96.43909416970257,1147.26082286422,-0.6017630523018789
A219BS010395,96.68269533112523,1147.6974605688915,-0.5993158063432137
A219BS010395,96.92630511216207,1148.1340925989314,-0.5967187067013885
A219BS010395,97.1699191751946,1148.5707217898819,-0.5940470213450402
A219BS010395,97.41353536744958,1149.0073495641107,-0.5913382129004319
A219BS010395,97.65599474421069,1149.4446241050634,-0.5892342986738572
A219BS010395,97.8978775757416,1149.8822191754134,-0.5874314631303277
A219BS010395,98.13947325803456,1150.319973437475,-0.5857784826828284
A219BS010395,98.38083127635636,1150.7578610932646,-0.5849371153759513
A219BS010395,98.62207074026816,1151.1958146635498,-0.5844997069161492
A219BS010395,98.86325113186945,1151.6338009222907,-0.5842633573166786
A219BS010395,99.10616229214793,1152.0708291420035,-0.5849728549381028
A219BS010395,99.34993316028074,1152.5073773877025,-0.5861531205315701
A219BS010395,99.59413148681668,1152.9436859669224,-0.587567693291281
A219BS010395,99.83854245830214,1153.3798750686592,-0.5890988835719969
A219BS010395,100.08305923957087,1153.8160046572204,-0.590688115885337
A219BS010395,100.3276286772588,1154.252104613463,-0.5923062364931053
A219BS010395,100.57247338903859,1154.688052314948,-0.5931239671165396
A219BS010395,100.81745483887956,1155.123923756279,-0.5935433307746044
A219BS010395,101.06250427818973,1155.5597571228454,-0.5937644216885891
A219BS010395,101.30763156816325,1155.995546763847,-0.5937419290619069
A219BS010395,101.55279758083964,1156.4313145983308,-0.5935982017031886
A219BS010395,101.79798286021587,1156.8670715685948,-0.5933941342418656
A219BS010395,102.04158164544354,1157.303717394028,-0.593628585542381
A219BS010395,102.28438953421804,1157.740803340043,-0.5940812939931654
A219BS010395,102.5268034716688,1158.1781077738538,-0.5946426307506836
A219BS010395,102.76902125843023,1158.6155208109901,-0.5952580326046073
A219BS010395,103.01114140011845,1159.0529878662367,-0.5959003430676098
A219BS010395,103.25345601117901,1159.4903475938786,-0.5955874475287799
A219BS010395,103.49580555943514,1159.927687806123,-0.5951024587873078
A219BS010658,103.54695860884385,1160.0199978007004,-0.595000091552734
A219BS010658,103.77263584194544,1160.4661700483673,-0.594665619719791
A219BS010658,103.99831307504704,1160.9123422960342,-0.594331147886848
A219BS010658,104.22399030814863,1161.3585145437012,-0.593996676053905
A219BS010658,104.44966754125021,1161.804686791368,-0.593662204220962
A219BS010658,104.67540193633081,1162.2508301216021,-0.5933278909919224
A219BS010658,104.90116491101172,1162.696958990373,-0.592993657066893
A219BS010658,105.12694217514525,1163.1430806277262,-0.592659462794383
A219BS010658,105.35272658391817,1163.5891986491988,-0.592325288348261
A219BS010658,105.57851456498905,1164.035314862688,-0.5919911238153651
A219BS010658,105.80430433220342,1164.481430172175,-0.5916569642390902
A219BS010658,106.03004577352367,1164.9275699371794,-0.5913226705616715
A219BS010658,106.25576305090364,1165.3737219279797,-0.5909883098351522
A219BS010658,106.48146824606535,1165.8198800311868,-0.5906539155844508
A219BS010658,106.70716740005595,1166.2660411904749,-0.5903195045717508
A219BS010658,106.93286353344558,1166.7122038777725,-0.5899850851780744
A219BS010658,107.15855815653086,1167.1583673290672,-0.5896506615939157
A219BS010658,107.38432681119892,1167.6044933889648,-0.5894199028017246
A219BS010658,107.61013247569048,1168.0506007413687,-0.5892409764129297
A219BS010658,107.76455697681311,1168.5261527786129,-0.58741523658317
A219BS010658,107.88134423832197,1169.0123150352958,-0.5847702930892125
A219BS010658,107.97920590607143,1169.5026351565418,-0.5817251844611542
A219BS010658,108.06768517903657,1169.9947336389118,-0.5784845202194171
A219BS010658,108.15153472156004,1170.4876414620624,-0.5751480406893017
A219BS010658,108.17627950364738,1170.9870131904363,-0.5712018196648151
A219BS010658,108.17156793497573,1171.4869731134133,-0.5669737542084178
A219BS010658,108.15244439227911,1171.9865882399697,-0.562613085577934
A219BS010658,108.12629570186054,1172.4858844184312,-0.5581890418106132
A219BS010658,108.0967243549306,1172.9849893090136,-0.5537344220224055
A219BS010658,108.03583696164293,1173.481268160502,-0.5538984468561662
A219BS010658,107.95974072807574,1173.9754376725277,-0.5563184925322374
A219BS010658,107.87626979150699,1174.4684084961684,-0.5598355633840296
A219BS010658,107.78922018754307,1174.960755896627,-0.5638857129357399
A219BS010658,107.70043272306798,1175.4527906687617,-0.5681949080371067
A219BS010658,107.54146676908914,1175.9268415224722,-0.5705642058118671
A219BS010658,107.34919116456132,1176.3883912401038,-0.571960650442389
A219BS010658,107.1411985820017,1176.8430759995874,-0.5728853630935885
A219BS010658,106.89848889907256,1177.280216335179,-0.5723050086063998
A219BS010658,106.63960244036433,1177.707973396362,-0.5710018948242119
A219BS010658,106.37310653917197,1178.131030387979,-0.5693537165820759
A219BS010658,106.10300579586149,1178.5517943385755,-0.5675408896340548
A219BS010658,105.77416116010667,1178.9284242003862,-0.5642013196373453
A219BS010658,105.4194655319461,1179.2808083587104,-0.5601496130994694
A219BS010658,105.0531486043195,1179.6210916343748,-0.5557677370938473
A219BS010658,104.68149641788256,1179.9555375623822,-0.5512319289044173
A219BS010658,104.30736398675806,1180.2872056060653,-0.5466240247844696
A219BS010658,103.93207102820666,1180.6175594305273,-0.5419822659499021
A219BS010658,103.55298797001663,1180.9435567172493,-0.5373127859784873
A219BS010658,103.17213799870079,1181.267487844602,-0.5326304702392654
A219BS010658,102.79046014606648,1181.5904430064359,-0.5279421599491818
A219BS010658,102.4083934423103,1181.9129380099005,-0.5232510384179218
A219BS010658,102.02614388394109,1182.235216237694,-0.5185585958889221
A219BS010658,101.64380829181599,1182.5573923853929,-0.5138655320407588
A219BS010658,101.26120748410106,1182.879250906797,-0.5089958158967802
A219BS010658,100.87851865156742,1183.20100386857,-0.5040674242315194
A219BS010391,100.71795860561542,1183.3359978008084,-0.5019996795654293
A219BS010391,100.28806024021381,1183.5913154869795,-0.5014757012561771
A219BS010391,99.84791024973516,1183.828524136964,-0.5012701430357296
A219BS010391,99.40925792250489,1184.068491055263,-0.5011520855700499
A219BS010391,98.97136093236236,1184.309833592962,-0.501077781305973
A219BS010391,98.53406736092988,1184.5522674126148,-0.5006588870674202
A219BS010391,98.09656282222473,1184.7943201416672,-0.5001539408952612
A219BS010391,97.65895293215543,1185.0361822590844,-0.4996059700889083
A219BS010391,97.2212552803463,1185.2778847572881,-0.49878868010999877
A219BS010391,96.78351381830873,1185.5195074098121,-0.497836734474938
A219BS010391,96.34571818240845,1185.7610324080788,-0.4970265499341424
A219BS010391,95.90789548173936,1186.0025085688183,-0.49628724394788315
A219BS010391,95.4701370605777,1186.2441010399782,-0.4954856324973495
A219BS010391,95.0324619700781,1186.4858445931118,-0.49473086462531396
A219BS010391,94.59482856469377,1186.7276636734666,-0.49399951790425106
A219BS010391,94.15721600650951,1186.9695205134417,-0.49327988142876716
A219BS010391,93.71948252772022,1187.2111575924257,-0.4923188366096933
A219BS010391,93.28168866993437,1187.4526847501368,-0.4912370912525772
A219BS010391,92.84386464342454,1187.6941569378364,-0.49009499743341184
A219BS010391,92.40634026124062,1187.9361722681087,-0.4890975468147145
A219BS010391,91.96896596323849,1188.1784590147145,-0.48817241635913694
A219BS010391,91.53161149179607,1188.4207819800636,-0.4873681939120758
A219BS010391,91.09426694404199,1188.6631230483033,-0.4866244236601237
A219BS010391,90.65692736065854,1188.9054731662306,-0.4859108785939741
A219BS010391,90.21975494680822,1189.1481249445112,-0.48528233615985295
A219BS010391,89.78266619794901,1189.390927502519,-0.48469629388480573
A219BS010391,89.34560686702595,1189.633782640779,-0.48397305547278896
A219BS010391,88.90840193777895,1189.8763757834797,-0.48332733363663843
A219BS010391,88.4711242744433,1190.1188378975132,-0.4827203690008278
A219BS010391,88.03385176279082,1190.3613098126236,-0.4823726107572589
A219BS010391,87.59661876314337,1190.6038527543376,-0.48189780131183946
A219BS010391,87.15953783194463,1190.8466700666,-0.48178622984448194
A219BS010391,86.72253308366167,1191.0896244760522,-0.48185627185812346
A219BS010391,86.28562194661666,1191.3327471903553,-0.4819204269175264
A219BS010391,85.84851544619441,1191.5752040819157,-0.49427206743745833
A219BS010391,85.41140270779306,1191.817405292278,-0.5107349841376817
A219BS010653,85.19195858231978,1191.9389977972023,-0.5189998779296872
A219BS010653,84.75549541898421,1192.1829233113995,-0.5195004523586768
A219BS010653,84.31903225564862,1192.4268488255966,-0.5200010267876665
A219BS010653,83.88256909231303,1192.6707743397938,-0.5205016012166561
A219BS010653,83.44610592897745,1192.914699853991,-0.5210021756456458
A219BS010653,83.00964276564186,1193.158625368188,-0.5215027500746354
A219BS010653,82.57321367682628,1193.4026118426812,-0.5220034496047882
A219BS010653,82.13678458801071,1193.6465983171743,-0.5225041491349409
A219BS010653,81.70035549919514,1193.8905847916674,-0.5230048486650937
A219BS010653,81.26392641037957,1194.1345712661605,-0.5235055481952465
A219BS010653,80.82749732156401,1194.3785577406536,-0.5240062477253993
A219BS010653,80.39105360015228,1194.6225180394606,-0.5245068935390252
A219BS010653,79.95460256303119,1194.8664652500956,-0.5250075124937124
A219BS010653,79.51814786820256,1195.1104059165623,-0.5255081180187612
A219BS010653,79.08169134455699,1195.3543433109242,-0.5260087168289488
A219BS010653,78.64523390651213,1195.5982790692285,-0.5265093122816952
A219BS010653,78.20877601126995,1195.8422140095029,-0.5270099060557184
A219BS010653,77.7723328918094,1196.0861753851898,-0.5275105540792212
A219BS010653,77.33589716084012,1196.3301499782476,-0.528011229226775
A219BS010653,76.89946512426653,1196.5741311799068,-0.5285119179361821
A219BS010653,76.46303493492832,1196.8181156858457,-0.5290126134264729
A219BS010653,76.02660566921716,1197.0621018439192,-0.5295133123071946
A219BS010653,75.59017686532188,1197.3060888280586,-0.5300140128831291
A219BS010653,75.15373330784328,1197.5500494204207,-0.530514522369028
A219BS010653,74.71728237417155,1197.7939968165597,-0.5310149363092229
A219BS010653,74.28082775255288,1198.0379376145033,-0.5315153024763947
A219BS010653,73.8443712869982,1198.2818751133286,-0.532015644757012
A219BS010653,73.40791389948484,1198.5258109625895,-0.5325159750943417
A219BS010653,72.97145605099448,1198.7697459870667,-0.5330162994600247
A219BS010653,72.53499588141095,1199.013676858289,-0.5335167311096208
A219BS010653,72.09853455129567,1199.2576056528756,-0.5340172164011561
A219BS010653,71.66207264091827,1199.5015334091422,-0.5345177285136563
A219BS010653,71.22561044041072,1199.7454606462486,-0.5350182540366379
A219BS010653,70.78914809483828,1199.9893876237745,-0.53551878626486
A219BS010653,70.35268567673347,1200.23331447151,-0.5360193218457023
A219BS010653,69.91624005527262,1200.4772713711704,-0.5365199372730616
A219BS010653,69.47980283290963,1200.7212432963593,-0.5370205926227892
A219BS010653,69.0433698102895,1200.9652227342037,-0.5375212679334783
A219BS010653,68.60693888758932,1201.2092059283489,-0.5380219532245923
A219BS010653,68.17050901486122,1201.4531910006376,-0.538522643505905
A219BS010653,67.7340796671222,1201.6971770119965,-0.5390233362823132
A219BS010653,67.29763576005836,1201.9411369786808,-0.5395239781545088
A219BS010653,66.86118457391498,1202.185083922702,-0.5400245945739297
A219BS010653,66.42472974837759,1202.4290243553103,-0.5405251982667962
A219BS010653,65.98827310317964,1202.6729615321917,-0.5410257955963439
A219BS010653,65.55181554816055,1202.9168970812048,-0.5415263897442216
A219BS010653,65.11535753823317,1203.1608318162823,-0.5420269823012619
A219BS010653,64.67889721261764,1203.404762545193,-0.542455534062412
A219BS010653,64.24243573256985,1203.648691269114,-0.5428480654222614
A219BS010653,63.805973676158864,1203.892618990063,-0.5432225865810544
A219BS010653,63.36951133177951,1204.136546209407,-0.5435881026393621
A219BS010653,62.93304884346932,1204.3804731779187,-0.5439491161475012
A219BS010653,62.49658628320704,1204.6244000210067,-0.5443078783806049
A219BS010653,62.060109896193865,1204.8683020244396,-0.544727760979683
A219BS010653,61.62362659878027,1205.1121916063823,-0.5451782037584156
A219BS010653,61.187139846910355,1205.356074977165,-0.5456439266257034
A219BS010653,60.75065136799824,1205.5999552422636,-0.5461172895367845
A219BS010653,60.31416202561156,1205.8438339544944,-0.5465944724695647
A219BS010653,59.87767225149923,1206.0877118902847,-0.5470735654131077
A219BS010653,59.44119396856603,1206.3316103730078,-0.5475620866516092
A219BS010653,59.00472143164329,1206.575519128962,-0.548055322036943
A219BS010653,58.56825176783089,1206.8194330214724,-0.5485509144954801
A219BS010653,58.13178354059995,1207.0633494822462,-0.5490476854905415
A219BS010653,57.695316031666295,1207.307267227148,-0.5495450457538336
A219BS010653,57.25884888188289,1207.551185614113,-0.5500427006512272
A219BS010653,56.82240069585622,1207.7951379289414,-0.5505417034930064
A219BS010653,56.38596199269779,1208.0391072071477,-0.5510413803058213
A219BS010653,55.94952803122079,1208.283084966904,-0.5515413941038563
A219BS010653,55.513096440646315,1208.5270669674005,-0.552041576394423
A219BS010653,55.07666603553853,1208.7710510882584,-0.5525418429312341
A219BS010653,54.64023622316793,1209.015036269295,-0.5530421515911611
A219BS010653,54.20380698863083,1209.2590223596721,-0.5535997749998364
A219BS010653,53.76737804516173,1209.503008903517,-0.5541860557790935
A219BS010653,53.3309491803739,1209.7469955694235,-0.5547800590535026
A219BS010384,53.169958533660974,1209.8369977995753,-0.5549991760253903
A219BS010384,52.7293514808902,1210.072678637227,-0.5371115318967713
A219BS010384,52.28874442811942,1210.3083594748787,-0.5192238877681519
A219BS010384,51.848137375348635,1210.5440403125303,-0.5013362436395322
A219BS010384,51.40763377197017,1210.780590177367,-0.5004778402701958
A219BS010384,50.967175822374145,1211.0172262882115,-0.5000961570592447
A219BS010384,50.52674085612354,1211.2539054380377,-0.4999528342041495
A219BS010384,50.086317420650026,1211.4906060863318,-0.4999286915009059
A219BS010384,49.64589976033863,1211.7273174785996,-0.49996413884105373
A219BS010384,49.20549065699999,1211.9640444851084,-0.5003463506723211
A219BS010384,48.766050980434386,1212.2025664277862,-0.5005776968914047
A219BS010384,48.32709878008705,1212.4419843500516,-0.5007336081288669
A219BS010384,47.88839100501192,1212.6818498834632,-0.5008518018806997
A219BS010384,47.45038176462548,1212.9229885885895,-0.5006779452797826
A219BS010384,47.012723230972554,1213.1647630818625,-0.5003580650046983
A219BS010384,46.575221519159385,1213.406821390129,-0.5001920536525563
A219BS010384,46.137798301468045,1213.6490215567053,-0.500102975484731
A219BS010384,45.70041435127973,1213.8912926394948,-0.5000523632395609
A219BS010384,45.26321938632065,1214.1339041638503,-0.4995931635022243
A219BS010384,44.82611912128525,1214.376685790188,-0.4989296736869709
A219BS010384,44.38928064247712,1214.6199373113238,-0.49801266891714635
A219BS010384,43.95212934933203,1214.8626274888716,-0.49753872437918345
A219BS010384,43.51482205128026,1215.1050367777939,-0.4972863064784557
A219BS010384,43.07743685224344,1215.3473055698346,-0.49714464973664213
A219BS010384,42.6403703453265,1215.5901483543926,-0.4966441304343596
A219BS010384,42.203463548385855,1215.8332779257316,-0.49596418374969875
A219BS010384,41.76658774779645,1216.0764623440107,-0.4950295364305155
A219BS010384,41.329737576899134,1216.3196941209978,-0.4945490672531321
A219BS010384,40.892900357633415,1216.5629495005073,-0.49429568234804255
A219BS010384,40.45606964830075,1216.806216661931,-0.49415583703231913
A219BS010384,40.02036239760808,1217.0514903605415,-0.4942226485524399
A219BS010384,39.58522035499839,1217.2977653568491,-0.4943927869704735
A219BS010384,39.15036177775371,1217.5445404945788,-0.4946145869372579
A219BS010384,38.71471130436604,1217.7898114149395,-0.501744850780955
A219BS010384,38.27869792768155,1218.0343115349906,-0.5123291149125687
A219BS010384,37.84251139471254,1218.2784216550237,-0.5246399944052095
A219BS010384,37.4062542420852,1218.5223681294744,-0.5376712792427876
A219BS010677,37.09395850932924,1218.6969978003763,-0.5469997558593747
A219BS010677,36.679589697607035,1218.9768052647999,-0.5444956143378046
A219BS010677,36.26522088588484,1219.2566127292234,-0.5419914728162345
A219BS010677,35.850852074162646,1219.536420193647,-0.5394873312946645
A219BS010677,35.436483262440454,1219.8162276580706,-0.5369831897730946
A219BS010677,35.02211445140413,1220.096035122287,-0.534478911619374
A219BS010677,34.607745640710746,1220.3758425864,-0.5319745651495783
A219BS010677,34.19337683018882,1220.6556500504612,-0.5294701845217449
A219BS010677,33.77900801975262,1220.9354575144964,-0.5269657868148927
A219BS010677,33.36463920935928,1221.2152649785187,-0.524461380568531
A219BS010677,32.95027039898739,1221.4950724425346,-0.5219569700524147
A219BS010677,32.535879125896535,1221.7748466421717,-0.5194529725356344
A219BS010677,32.1214766224477,1222.0546042089431,-0.5169491815245749
A219BS010677,31.707068504070314,1222.334353459113,-0.5144454937678886
A219BS010677,31.29265757829124,1222.6140985509394,-0.5119418576387669
A219BS010677,30.878245248827,1222.893841563584,-0.5094382473235218
A219BS010677,30.46383221752406,1223.1735835366346,-0.5069346499152386
A219BS010677,30.049493566855272,1223.4534371706484,-0.5046052527318491
A219BS010677,29.676877588782023,1223.7868356160527,-0.5029291004239722
A219BS010677,29.327978399727133,1224.144980246591,-0.5015951238830184
A219BS010677,28.991470588685104,1224.5147925552687,-0.5004334620125586
A219BS010677,28.743180811565047,1224.948787368615,-0.5012632608402181
A219BS010677,28.54427414623949,1225.4075169175878,-0.5030906601783491
A219BS010677,28.370204771101804,1225.876232766211,-0.5053941116544166
A219BS010677,28.20822641466097,1226.349261955455,-0.5079235716586875
A219BS010677,28.12113347276222,1226.841614836361,-0.5097837154500032
A219BS010677,28.07107563195149,1227.3391004167345,-0.5113035489335197
A219BS010677,28.03865996169453,1227.838046692925,-0.5126592027894683
A219BS010677,28.113723718309902,1228.332379774814,-0.5131456110264557
A219BS010677,28.239430984692834,1228.8163195228462,-0.5132043726546414
A219BS010677,28.38808630411625,1229.293709904682,-0.5130653116426669
A219BS010677,28.547129969882576,1229.7677405574018,-0.5128358304868358
A219BS010677,28.71089245603049,1230.240161741127,-0.512565093570428
A219BS010677,28.876803545486712,1230.7118326290883,-0.5122755334417692
A219BS010677,29.04526908599465,1231.182597167156,-0.5119418279029728
A219BS010677,29.21489890829404,1231.65294342065,-0.5115879763414355
A219BS010677,29.408341298688207,1232.1140070764275,-0.5109989775167436
A219BS010677,29.612498254974852,1232.5704273354525,-0.5103030239054971
A219BS010677,29.821503488279223,1233.0246478304025,-0.5095584309240829
A219BS010677,30.03271031656053,1233.4778487657625,-0.5087917000235023
A219BS010677,30.244918703314887,1233.9305815756552,-0.5080148874531377
A219BS010677,30.45758311969686,1234.3831003436758,-0.5072334822924945
A219BS010677,30.670426415950722,1234.8355349995395,-0.5064502752884068
A219BS010387,30.79295849922346,1235.0959977996536,-0.5059993896484372
A219BS010387,31.031045156827837,1235.5356681248807,-0.5081785145950664
A219BS010387,31.268985164668692,1235.9754201217177,-0.5098319796256787
A219BS010387,31.506925172509543,1236.4151721185547,-0.511485444656291
A219BS010387,31.74753960383963,1236.8534602018856,-0.5143579776541078
A219BS010387,31.988154035169707,1237.2917482852165,-0.5172305106519246
A219BS010387,32.22876846649978,1237.7300363685474,-0.5201030436497414
A219BS010387,32.4669595143966,1238.1696538096287,-0.5213400557644886
A219BS010387,32.70495324067795,1238.6093791539527,-0.522119677391315
A219BS010387,32.946466220444556,1239.0471812308097,-0.5230263769018171
A219BS010387,33.189733060311504,1239.4840110641503,-0.5239965958484945
A219BS010387,33.43449861603596,1239.9200015164417,-0.5254622839747212
A219BS010387,33.680090093987175,1240.355529084871,-0.5262126810903126
A219BS010387,33.92609399549431,1240.7908243021407,-0.5266054474681774
A219BS010387,34.16813724672252,1241.2283343566671,-0.5264761292961142
A219BS010387,34.407936736565645,1241.6670778566572,-0.5270642512825637
A219BS010387,34.646611888884244,1242.106433379235,-0.5280110595545218
A219BS010387,34.88821169294171,1242.54418821777,-0.5284968771325247
A219BS010387,35.13192511255063,1242.9807701327402,-0.5284719070066957
A219BS010387,35.3766929824865,1243.4167616593325,-0.5281915737941208
A219BS010387,35.621987442047455,1243.8524570364575,-0.5277835779653955
A219BS010387,35.867062308121355,1244.2882760657471,-0.5274942202616536
A219BS010387,36.11202736547624,1244.7241568610953,-0.5272641727178989
A219BS010387,36.3566403576669,1245.1602353727917,-0.527138920686422
A219BS010387,36.601878350799,1245.5959625981288,-0.5268045190067268
A219BS010387,36.847428592391296,1246.031513842149,-0.5263655584676106
A219BS010387,37.093134883125046,1246.4669770178425,-0.5258743265448013
A219BS010387,37.34086700067059,1246.901290828712,-0.525316093301361
A219BS010387,37.58960987332886,1247.33502650071,-0.5247243686090738
A219BS010387,37.839597450702946,1247.7680459203928,-0.5240972032973235
A219BS010387,38.08818983533509,1248.2018677831682,-0.5234509209227524
A219BS010387,38.336083772166695,1248.636089116085,-0.5227950840961083
A219BS010387,38.583628305190054,1249.07050972766,-0.5221344715120021
A219BS010387,38.83750308498469,1249.5012604520066,-0.5209471808350759
A219BS010387,39.09452235958857,1249.9301415409652,-0.5194966582382253
A219BS010387,39.35310830174243,1250.358079395747,-0.517914582025856
A219BS010387,39.6143287328582,1250.7844141911169,-0.5163244170810976
A219BS010387,39.87686229508977,1251.2099416135877,-0.5147302316382563
A219BS010387,40.140051269789595,1251.6350639674765,-0.5131340422927062
A219BS010387,40.41016442153456,1252.0558185212776,-0.5110149127604434
A219BS010387,40.683711795081365,1252.4743470966553,-0.5086345728741338
A219BS010387,40.95848033792035,1252.8920759034745,-0.5064228270583182
A219BS010387,41.233858266881654,1253.309403676396,-0.5042953427541726
A219BS010387,41.50913426356139,1253.726797060115,-0.5018686413513669
A219BS010387,41.78883503121165,1254.1412349503732,-0.49891640593013425
A219BS010387,42.076918901563,1254.5498922862796,-0.4962962049291631
A219BS010387,42.36914816588183,1254.9555966562364,-0.49384237656135704
A219BS010387,42.66343728416558,1255.3598098364832,-0.4914717701939198
A219BS010387,42.96785371085766,1255.7564512899032,-0.48898247533537204
A219BS010387,43.286682016295224,1256.1416012649179,-0.48615256402695883
A219BS010387,43.61255150059769,1256.5208110839626,-0.48315384087972435
A219BS010387,43.94511057306907,1256.8941704997073,-0.48046869810910525
A219BS010387,44.280969005771176,1257.2645658571034,-0.47794037805051454
A219BS010387,44.62452845804576,1257.627829091667,-0.47534708532129616
A219BS010387,44.971874323481885,1257.9874733014412,-0.4727217967123205
A219BS010387,45.33033485423432,1258.3360376664302,-0.46973325986706177
A219BS010387,45.69709553696266,1258.6758657136813,-0.4678624562668425
A219BS010387,46.06791514465201,1259.0112626346738,-0.466549466611747
A219BS010387,46.452641646755815,1259.3306095027658,-0.4647898021986448
A219BS010387,46.848271128781185,1259.636350054008,-0.464621640335454
A219BS010387,47.24915203030427,1259.9351712585865,-0.4652465310309802
A219BS010387,47.66392671288458,1260.214387938543,-0.4651552924055353
A219BS010387,48.09067257988341,1260.4749363124326,-0.46673954708250986
A219BS010387,48.53612467547527,1260.7020252596292,-0.46848327700191544
A219BS010387,48.993977329480344,1260.9029432117711,-0.4701931681008686
A219BS010387,49.464314641044524,1261.0725890232359,-0.47195725512021175
A219BS010387,49.940798533347454,1261.224115046442,-0.47367907602487175
A219BS010387,50.42924239534436,1261.3309693712042,-0.4758578273026985
A219BS010387,50.92268194082963,1261.4116602384752,-0.4783874301111782
A219BS010387,51.42089508559771,1261.4537254045927,-0.48215361914092103
A219BS010387,51.920508507548206,1261.4730709052124,-0.48564363528515636
A219BS010387,52.42045034417748,1261.466027983553,-0.488568911724013
A219BS010387,52.91962211306028,1261.4374902890313,-0.4921945346781134
A219BS010387,53.41612484190627,1261.3785278957969,-0.49510596603479873
A219BS010387,53.910653277933044,1261.304804922106,-0.4976650891483692
A219BS010387,54.40284926116023,1261.216900406115,-0.5016538437635246
A219BS010387,54.89056766575473,1261.1068100280806,-0.5049502788127208
A219BS010387,55.375749025264525,1260.986019708696,-0.5079078330700602
A219BS010387,55.854147062725325,1260.8406479785822,-0.5094498568678106
A219BS010387,56.32798786491815,1260.6810412928655,-0.5102244869573006
A219BS010387,56.79679210488692,1260.5071952880764,-0.5106133393045932
A219BS010387,57.260087344333584,1260.31915943098,-0.5108071230594893
A219BS010387,57.72056228926798,1260.1243189443658,-0.5109064383890197
A219BS010387,58.17529371851889,1259.916426693087,-0.5112794125039561
A219BS010387,58.625724894169245,1259.699374332886,-0.51110931422608
A219BS010387,59.07401128444817,1259.4779265395268,-0.5106767555307489
A219BS010387,59.51950877132015,1259.250920132182,-0.5103935327769508
A219BS010387,59.96324888377637,1259.0204975453178,-0.5100139803024067
A219BS010387,60.4061306604831,1258.788429558905,-0.5095879012527126
A219BS010387,60.84822896367623,1258.5548722320807,-0.5093321660474264
A219BS010387,61.28918459086379,1258.319164909234,-0.5088930669333451
A219BS010387,61.72869073689867,1258.0807653680095,-0.5088134333581259
A219BS010387,62.16749075084665,1257.8410686034877,-0.5089074386452687
A219BS010387,62.607735279906436,1257.6040353728354,-0.5089543371998964
A219BS010387,63.048793216513566,1257.3685193039125,-0.5092333264180126
A219BS010387,63.490242136195846,1257.1337370678755,-0.5096244181534979
A219BS010387,63.92941759406389,1256.8947289489429,-0.5098149193835798
A219BS010387,64.36748037480315,1256.653687476641,-0.5099085219490226
A219BS010387,64.80500236206298,1256.4116657658917,-0.5099553223484554
A219BS010387,65.24193953896877,1256.1685906286496,-0.5105726490584878
A219BS010387,65.6785931498675,1255.9250073228695,-0.5114655288623516
A219BS010387,66.1153319953554,1255.6815761722614,-0.5121406254822123
A219BS010387,66.55211195868029,1255.4382185365923,-0.5127105372644847
A219BS010387,66.98891176970027,1255.1948964134344,-0.5132296469512002
A219BS010387,67.42559628315647,1254.9513682273248,-0.5140409900827292
A219BS010387,67.8622250219831,1254.7077405663301,-0.5149934757371011
A219BS010387,68.29877953621272,1254.4639807363317,-0.5161342583222461
A219BS010387,68.73551322383616,1254.2205403063251,-0.5167999406814734
A219BS010387,69.17233322336969,1253.9772542653754,-0.5172361591429003
A219BS010387,69.60919485718463,1253.7340428202904,-0.517561551398956
A219BS010387,70.04586343725666,1253.4904856653218,-0.5182423167809384
A219BS010387,70.48243859940743,1253.2467616385977,-0.5190947195461763
A219BS010387,70.91896417901769,1253.0029497639314,-0.5201847276238788
A219BS010387,71.35562224556706,1252.7593740703796,-0.5209685822733321
A219BS010387,71.79234419591882,1252.5159125054481,-0.5216045713051948
A219BS010387,72.22909697635461,1252.2725060757082,-0.5221691444774883
A219BS010387,72.66569540625484,1252.028822962307,-0.522761809469927
A219BS010387,73.10221922498324,1251.7850062521234,-0.5233680421051512
A219BS010387,73.53871890333501,1251.5411474501545,-0.5243248603557695
A219BS010387,73.97530803529422,1251.2974484038948,-0.525164328756424
A219BS010387,74.41194034176446,1251.0538265325763,-0.5259471197499195
A219BS010387,74.84859349365283,1250.8102419388701,-0.5267025368171651
A219BS010387,75.28525569787575,1250.5666735366306,-0.5274460646378158
A219BS010643,75.61095856438624,1250.3849978018552,-0.5280006561279293
A219BS010643,76.07014658466575,1250.1871552680673,-0.5301671870297591
A219BS010643,76.52933460494526,1249.9893127342793,-0.5323337179315887
A219BS010643,76.98852262522477,1249.7914702004914,-0.5345002488334184
A219BS010643,77.44771064550429,1249.5936276667035,-0.536666779735248
A219BS010643,77.9069098472161,1249.3958110851631,-0.5388331626568305
A219BS010643,78.36611463909405,1249.1980074799837,-0.5409994715856941
A219BS010643,78.82532222591753,1249.000210363044,-0.5431657435175496
A219BS010643,79.28453121017938,1248.802416490239,-0.545331996950739
A219BS010643,79.74374089315181,1248.6046242395048,-0.5474982411345546
A219BS010643,80.20295092547741,1248.406832799807,-0.5496644806936734
A219BS010643,80.66216113247906,1248.2090417656277,-0.5518307179404411
A219BS010643,81.1213712635871,1248.0112508502211,-0.5540237228162653
A219BS010643,81.58058135625475,1247.8134599944135,-0.5562301115042563
A219BS010643,82.03979142957884,1247.6156691684585,-0.5584431920977168
A219BS010643,82.4990014932003,1247.417878357443,-0.5606596186437506
A219BS010643,82.98492838860905,1247.300100190407,-0.5588277649311407
A219BS010643,83.47914043995368,1247.2243410245542,-0.5549551566355613
A219BS010643,83.9761093595753,1247.1695856148413,-0.5500829869673308
A219BS010643,84.47410556501468,1247.1251891348224,-0.5447227696284619
A219BS010643,84.9725266844487,1247.0858821259765,-0.5391239520990502
A219BS010643,85.47245690008111,1247.0788294332895,-0.5346474553006189
A219BS010643,85.97236385092252,1247.0876436508572,-0.5307295388748093
A219BS010643,86.47207559873652,1247.1042236944613,-0.5270865660823024
A219BS010643,86.97164787055128,1247.1246010853934,-0.5235784080692844
A219BS010643,87.4579722713362,1247.2407036814943,-0.5206179385420787
A219BS010643,87.93087401302296,1247.4030519046933,-0.517972728954601
A219BS010643,88.39573556881444,1247.58716480938,-0.5154883226053792
A219BS010643,88.85639968306435,1247.781542757552,-0.5130826819753592
A219BS010643,89.31498128709863,1247.9807845872604,-0.5107150384716489
A219BS010643,89.74622052080376,1248.2338286804404,-0.5095275115863435
A219BS010643,90.16207983005144,1248.511426695343,-0.5089134804951706
A219BS010643,90.57015755772244,1248.8003426894647,-0.5085721308992316
A219BS010643,90.97444939430586,1249.094533215788,-0.5083597782257238
A219BS010643,91.3769290247024,1249.391198219106,-0.5082083772969266
A219BS010643,91.75552973078894,1249.7177888991996,-0.5080266446583303
A219BS010643,92.12204093847727,1250.0578910843255,-0.5078309116718129
A219BS010643,92.48268772947502,1250.404205755169,-0.5076286700215972
A219BS010643,92.84053773666781,1250.7534096071097,-0.5074233852231304
A219BS010643,93.1970636630876,1251.1039651962258,-0.5072166730150433
A219BS010643,93.52378463843107,1251.482453175482,-0.5077204876466905
A219BS010643,93.8356725386682,1251.8732539369068,-0.508558673525136
A219BS010643,94.14043890953174,1252.2696331363961,-0.5095533608666661
A219BS010643,94.44183314554974,1252.6685822234103,-0.5106212867696427
A219BS010643,94.74163991394371,1253.0687255561631,-0.5117235020856962
A219BS010643,95.04070129698985,1253.4694262407552,-0.5128417766147614
A219BS010643,95.33867401967198,1253.8709367006813,-0.514109493997028
A219BS010643,95.63613592883227,1254.2728255199806,-0.5154472237768923
A219BS010643,95.93336041036218,1254.674889855627,-0.516817472096453
A219BS010401,96.18995859479764,1255.0219977991655,-0.5180004272460934
A219BS010401,96.44010044428661,1255.454927812809,-0.5188118586142328
A219BS010401,96.69024229377557,1255.8878578264525,-0.5196232899823723
A219BS010401,96.94038414326452,1256.320787840096,-0.5204347213505117
A219BS010401,97.19021062196407,1256.753900516181,-0.5208093613657319
A219BS010401,97.43987929387133,1257.18710431332,-0.5209656053459474
A219BS010401,97.68946903211919,1257.6203536183953,-0.5210126513382891
A219BS010401,97.93898551297279,1258.0536451201851,-0.5210287468226292
A219BS010401,98.18846536212607,1258.486957715047,-0.5210293670656051
A219BS010401,98.43792689468665,1258.920280855119,-0.5210222496945562
A219BS010401,98.68575117886976,1259.3545421989236,-0.5205645968244113
A219BS010401,98.93275543272138,1259.7892701968713,-0.5198816768650002
A219BS010401,99.17934932525704,1260.2242309068915,-0.5190861250058374
A219BS010401,99.42573795211237,1260.659307818344,-0.5182342580233371
A219BS010401,99.67202392548165,1261.0944427915178,-0.5173542338528878
A219BS010401,99.91720187815734,1261.5302023673364,-0.5161864991755143
A219BS010401,100.16182519874401,1261.9662731308224,-0.5148749131795703
A219BS010401,100.40617105095794,1262.402499207996,-0.5134914033127737
A219BS010401,100.65037813209602,1262.8388028713132,-0.5120719322663561
A219BS010401,100.89451581902472,1263.27514530972,-0.5106344809617208
A219BS010401,101.13861880695057,1263.7115071310259,-0.509188039680732
A219BS010401,101.38140546912197,1264.148603140885,-0.5078785218149244
A219BS010401,101.62353314066308,1264.586064739729,-0.5066374694913481
A219BS010401,101.86533111504897,1265.0237087539351,-0.50543065036874
A219BS010401,102.10696419236837,1265.4614438799563,-0.5042409477497153
A219BS010401,102.3485148099451,1265.899224537416,-0.5030598032635838
A219BS010401,102.58757390867791,1266.3383714100048,-0.5021813907571525
A219BS010401,102.82538432121082,1266.7781960103964,-0.5014543548304939
A219BS010401,103.06256968291473,1267.2183581168292,-0.5008030069402226
A219BS010401,103.29944235036179,1267.658688632497,-0.5001895020275187
A219BS010401,103.53615863202384,1268.0991032649354,-0.49959491791399663
A219BS010401,103.77279671284424,1268.5395599328783,-0.49900979382034744
A219BS010401,104.0091389494888,1268.980175430624,-0.49843505546287986
A219BS010401,104.24533323040168,1269.420870265268,-0.49786550984739014
A219BS010401,104.4814535266689,1269.8616047479886,-0.49729856051415583
A219BS010401,104.71753682972728,1270.302359049222,-0.4967329092714892
A219BS010401,104.95360163636336,1270.7431232581143,-0.4961679070473069
A219BS010401,105.18965719503548,1271.1838924203287,-0.49560322931859097
A219BS010401,105.42562985617529,1271.624706175004,-0.4952332513173749
A219BS010401,105.66156105379827,1272.0655421940176,-0.49496061897238125
A219BS010401,105.89747151643095,1272.5063893369838,-0.49473665733481054
A219BS010401,106.13337161098757,1272.947242039751,-0.49453702998814236
A219BS010401,106.36926652147433,1273.388097521814,-0.49434956925513435
A219BS010401,106.60515894321456,1273.8289543380024,-0.49416794927562613
